id,Name,titleProject_id,class,score,login,password
0,Сербин Геннадий Михаилович,7,8в,2,Сербин_ГМ,72Mk7M5E
1,Папандина Клавдия Яковлевна,304,9в,5,Папандина_КЯ,IbdSVT0q
2,Белагина Галина Андреевна,396,9а,4,Белагина_ГА,k6oNhegJ
3,Кижняева Анна Леонидовна,178,7и,2,Кижняева_АЛ,8RnRk4ad
4,Цывин Олег Яковлевич,446,7т,2,Цывин_ОЯ,OdT2wtQ8
5,Жидняева Ксения Эдуардовна,373,7х,4,Жидняева_КЭ,Cp6r3gB0
6,Липковский Анатолий Иванович,144,10а,2,Липковский_АИ,I1JsguxL
7,Меднова Наталья Богдановна,290,7и,5,Меднова_НБ,oP4EJdwd
8,Житихин Вячеслав Романович,141,9а,5,Житихин_ВР,znpyhMpf
9,Шеврина Полина Максимовна,33,11а,5,Шеврина_ПМ,NywgmNBr
10,Алпеев Валентин Данилович,323,8а,2,Алпеев_ВД,gnZfWJEx
11,Золикова Клара Игоревна,364,10х,2,Золикова_КИ,4ICTbhbz
12,Дориков Дмитрий Петрович,296,10г,5,Дориков_ДП,WQzt2jpO
13,Корабышев Кирилл Михаилович,302,8и,5,Корабышев_КМ,VQmD5tNA
14,Ростовиков Константин Николаевич,336,10а,2,Ростовиков_КН,5fJ8B7IJ
15,Нехаев Дмитрий Фёдорович,129,7х,4,Нехаев_ДФ,HxG8wD1C
16,Зызлова Мария Николаевна,430,8г,3,Зызлова_МН,2EpPjPHB
17,Королупов Валерий Тимофеевич,397,10д,5,Королупов_ВТ,GTIo2SYJ
18,Стенцов Евгений Яковлевич,315,8и,4,Стенцов_ЕЯ,GirDKRP3
19,Феклисов Константин Виталиевич,270,9т,None,Феклисов_КВ,zinhlHvi
20,Синелев Руслан Тимофеевич,300,8и,2,Синелев_РТ,qNDOCAcl
21,Опевалова Вера Евгеньевна,473,9д,5,Опевалова_ВЕ,9RymjXfs
22,Назерова Вероника Василевна,206,7б,5,Назерова_ВВ,YEmbva1M
23,Дименская Светлана Дмитриевна,387,9д,5,Дименская_СД,xOsfOExD
24,Ковторева Раиса Василевна,482,9и,2,Ковторева_РВ,NhTcMVpW
25,Кулишнин Вячеслав Яковлевич,386,11х,5,Кулишнин_ВЯ,gwwK1CU3
26,Лексин Кирилл Антонович,139,7в,5,Лексин_КА,f5GC0E4F
27,Лаковский Григорий Василиевич,240,7д,5,Лаковский_ГВ,Wunb2ssg
28,Барамыкова Александра Алексеевна,106,10а,3,Барамыкова_АА,fIqPG4c5
29,Плясулина Оксана Андреевна,346,8х,2,Плясулина_ОА,uLyvpnqs
30,Петрикеев Станислав Яковлевич,14,7и,4,Петрикеев_СЯ,TE0anjOu
31,Моторыгин Илья Георгиевич,238,10и,5,Моторыгин_ИГ,64SZyc2W
32,Рыков Тарас Павлович,174,10и,5,Рыков_ТП,0BCCP3aH
33,Иончикова Елизавета Егоровна,169,8д,5,Иончикова_ЕЕ,fwQSPhM5
34,Смолькина Алиса Егоровна,441,7г,5,Смолькина_АЕ,2GXqsly1
35,Оболенин Герасим Павлович,472,7и,4,Оболенин_ГП,Y1bqIXtt
36,Трощинский Георгий Борисович,67,9д,3,Трощинский_ГБ,xRiOrt8g
37,Поддубская Лиза Игоревна,496,10а,4,Поддубская_ЛИ,mWyd55yS
38,Телькова Валерия Олеговна,335,7х,4,Телькова_ВО,iLNmNGvZ
39,Чигварина Александра Алексеевна,428,10б,2,Чигварина_АА,H1aasMUg
40,Киреевский Артур Игоревич,119,7в,3,Киреевский_АИ,5aQZ4q2E
41,Шумейкин Роман Павлович,420,8в,5,Шумейкин_РП,opXCrZa6
42,Трушинов Максим Алексиевич,82,8и,4,Трушинов_МА,TC7F0sQF
43,Голюков Денис Сергеевич,62,11б,4,Голюков_ДС,zDrtkNzr
44,Хлиманкова Надежда Валерьевна,461,10б,3,Хлиманкова_НВ,JJPgO9Pz
45,Кулаженков Алексей Олегович,367,10в,2,Кулаженков_АО,xFO15ZDy
46,Бутукин Владимир Адамович,221,7х,5,Бутукин_ВА,R2yVMioO
47,Поддуев Леонид Олегович,149,9х,4,Поддуев_ЛО,YQNfamo9
48,Ревцев Василий Павлович,360,9х,5,Ревцев_ВП,VV7bHK1p
49,Старокожев Артём Юрьевич,46,8д,3,Старокожев_АЮ,Y3RMjWfb
50,Светошев Максим Михаилович,321,10х,2,Светошев_ММ,5PvQbG05
51,Старынина Кристина Федоровна,266,9д,3,Старынина_КФ,XnG8xCAO
52,Востров Дмитрий Денисович,282,9г,3,Востров_ДД,Zz1y1bvE
53,Бураханова Анастасия Леонидовна,16,8г,2,Бураханова_АЛ,j1c2rkIS
54,Понизов Виктор Кириллович,214,11и,5,Понизов_ВК,Dzw6acs5
55,Суздалев Валерий Алексеевич,66,11т,5,Суздалев_ВА,ptzEbSOT
56,Колендин Дмитрий Алексеевич,153,10в,4,Колендин_ДА,ETxDmnaZ
57,Сулькова Екатерина Андреевна,325,8и,4,Сулькова_ЕА,yniFOIhB
58,Аржевитова Надежда Федоровна,242,10в,2,Аржевитова_НФ,9NqQ3f3Z
59,Крассов Валерий Олегович,201,8х,5,Крассов_ВО,HBdEMhkl
60,Сонураева Инна Андреевна,450,9т,3,Сонураева_ИА,Hca3JQdj
61,Пашин Роман Вадимович,204,10д,2,Пашин_РВ,nnZFzSDO
62,Фичкина Евгения Федоровна,29,11д,3,Фичкина_ЕФ,nfWs1lUG
63,Свилин Олег Виталиевич,123,8в,2,Свилин_ОВ,lQ2B5pKq
64,Рогоцкий Андрей Адамович,142,9в,2,Рогоцкий_АА,UkcLSvPK
65,Ахантьев Игорь Валериевич,80,10д,5,Ахантьев_ИВ,b0LcZoN7
66,Сочиникова Ксения Кирилловна,100,10д,2,Сочиникова_КК,s865bHor
67,Остюков Артур Романович,329,11и,3,Остюков_АР,nD2WKkIa
68,Брюкина Оксана Викторовна,98,8в,5,Брюкина_ОВ,PQ0TGkE7
69,Кузовенков Игорь Юрьевич,322,9г,None,Кузовенков_ИЮ,UqhYjDcV
70,Калухов Тарас Иванович,207,11а,3,Калухов_ТИ,ZaowCmYM
71,Батыров Пётр Виталиевич,227,7и,3,Батыров_ПВ,H4uifrKb
72,Озрина Катерина Валерьевна,147,10а,4,Озрина_КВ,6Nqs3SMZ
73,Декалова Полина Леонидовна,470,11д,5,Декалова_ПЛ,s1RloFkw
74,Лосицкий Владимир Кириллович,369,9т,5,Лосицкий_ВК,PSNjuiro
75,Магнусов Пётр Максимович,437,7и,5,Магнусов_ПМ,BmmR1Whn
76,Лавренков Михаил Василиевич,188,9б,2,Лавренков_МВ,SBWFVqlK
77,Шушкалова Вероника Алексеевна,411,8т,5,Шушкалова_ВА,ys7l7JI2
78,Бороданова Маргарита Дмитриевна,118,7г,5,Бороданова_МД,Jvbu3hsh
79,Циркина Виолетта Федоровна,231,9г,2,Циркина_ВФ,Yo0mcFJi
80,Болохина Екатерина Андреевна,194,11д,3,Болохина_ЕА,KLM8naee
81,Чукалова Дарья Валерьевна,20,10г,4,Чукалова_ДВ,nEp4nlfM
82,Беловолов Степан Петрович,222,9д,2,Беловолов_СП,5aSSzxnT
83,Зудейкина Вероника Ивановна,166,8и,3,Зудейкина_ВИ,fm6TkYuD
84,Макунова Мария Борисовна,47,9в,5,Макунова_МБ,UN0eQetJ
85,Верзанский Геннадий Андреевич,497,7д,5,Верзанский_ГА,fLTLg4Kd
86,Алтубин Ярослав Леонидович,414,10г,5,Алтубин_ЯЛ,lz84vssn
87,Аузин Игорь Алексиевич,435,8х,5,Аузин_ИА,gzwHsYb5
88,Калыгин Степан Тимофеевич,353,8и,2,Калыгин_СТ,d7CdVTtU
89,Дурныгина Полина Игоревна,72,8и,2,Дурныгина_ПИ,aFINogTP
90,Антюфеева Александра Вадимовна,347,8и,2,Антюфеева_АВ,Cul3rQyn
91,Лощинский Борис Романович,210,10б,3,Лощинский_БР,XSPoaZFd
92,Ходорков Евгений Виталиевич,344,9г,5,Ходорков_ЕВ,6UdlQtbo
93,Кафорин Федор Данилович,427,10д,3,Кафорин_ФД,5I4gPaiI
94,Косынская Алиса Дмитриевна,40,9в,3,Косынская_АД,U6CWOCWX
95,Беремцев Артём Антонович,434,11т,2,Беремцев_АА,wxF84d3O
96,Влянская Мария Андреевна,490,7т,4,Влянская_МА,S8Wzod17
97,Мыгеева Лиза Василевна,280,8в,5,Мыгеева_ЛВ,FCfW7CzD
98,Акутникова Мария Алексеевна,173,11в,2,Акутникова_МА,iaXVxWBN
99,Карябкин Константин Максимович,89,7и,2,Карябкин_КМ,ibBcsUc4
100,Прилепина Яна Максимовна,30,10в,5,Прилепина_ЯМ,Itqzqbmy
101,Ведищев Никита Георгиевич,365,7и,5,Ведищев_НГ,mvaFZhWa
102,Самчева Вероника Борисовна,287,10г,3,Самчева_ВБ,ywVNnxxt
103,Пирцхалова Карина Леонидовна,452,10г,5,Пирцхалова_КЛ,1Zq01yZL
104,Павлочев Денис Борисович,432,11д,5,Павлочев_ДБ,hbKxjZ9Z
105,Арашкова Екатерина Евгеньевна,356,8х,None,Арашкова_ЕЕ,AiTYkZoY
106,Байсарова Людмила Василевна,215,11и,2,Байсарова_ЛВ,1grLQUif
107,Кудекина Зинаида Игоревна,250,10и,3,Кудекина_ЗИ,N0XhLiJz
108,Дерналов Виталий Викторович,1,9г,4,Дерналов_ВВ,my6xjJED
109,Сазинова Галина Романовна,61,9и,3,Сазинова_ГР,m46pav2B
110,Остаченова Марина Эдуардовна,229,9т,5,Остаченова_МЭ,d1XZcM8D
111,Битюкова Яна Егоровна,488,9и,4,Битюкова_ЯЕ,zpa7U9KK
112,Иваницкий Константин Борисович,232,8д,5,Иваницкий_КБ,vYeoUUAd
113,Белянский Владислав Игоревич,74,11б,5,Белянский_ВИ,LwlBUOYu
114,Баранкин Артём Алексеевич,382,9т,2,Баранкин_АА,Bzwe5YtE
115,Шкабанова Софья Вадимовна,499,9х,4,Шкабанова_СВ,lkcpm0Wt
116,Полозлов Денис Адамович,155,8т,3,Полозлов_ДА,BHEiAKlp
117,Жунина Светлана Михайловна,162,8в,3,Жунина_СМ,GNmsaWEY
118,Пантыкин Борис Игоревич,245,9х,2,Пантыкин_БИ,5OXzV1T4
119,Доутова Марина Богдановна,189,11х,2,Доутова_МБ,v6HqzPhf
120,Трещалова Яна Андреевна,330,8б,3,Трещалова_ЯА,3vucEoE6
121,Ивашечкин Александр Данилович,390,10т,4,Ивашечкин_АД,mdb5G61O
122,Мазьянова Инна Богдановна,416,11в,4,Мазьянова_ИБ,TpJ8Js6z
123,Корогев Николай Евгеньевич,184,8б,5,Корогев_НЕ,Rcaxx12W
124,Заидова Галина Максимовна,88,9т,4,Заидова_ГМ,Z6hn9CHb
125,Рамхин Кирилл Алексиевич,459,9х,4,Рамхин_КА,XQ04YV1c
126,Кизбабаев Эдуард Фёдорович,415,11т,2,Кизбабаев_ЭФ,7MDUbLAC
127,Соурчаков Ярослав Валериевич,268,8б,2,Соурчаков_ЯВ,w90MSDfX
128,Мотяшева Алена Михайловна,404,7т,2,Мотяшева_АМ,kybfq8ty
129,Горшкова Наталия Яковлевна,340,11а,2,Горшкова_НЯ,4Te5fpbR
130,Зябрицкий Игорь Виталиевич,332,7а,5,Зябрицкий_ИВ,dgLhnbfv
131,Шельдяев Игорь Юриевич,97,7д,5,Шельдяев_ИЮ,EmCngMz4
132,Шмелькин Максим Викторович,483,9т,5,Шмелькин_МВ,qBAiD6RJ
133,Жалкин Алексей Алексеевич,43,7а,3,Жалкин_АА,jiRxsh3y
134,Худасов Денис Максимович,70,10д,2,Худасов_ДМ,MZTjWJl9
135,Швичкова Наталья Эдуардовна,398,7г,4,Швичкова_НЭ,tTA1IxRh
136,Едская Жанна Валерьевна,436,11в,4,Едская_ЖВ,01OdCEZ6
137,Поморзина Полина Евгеньевна,122,7д,4,Поморзина_ПЕ,G42zaQwC
138,Будачева Кира Олеговна,55,11х,4,Будачева_КО,Whv59jlh
139,Молкаев Василий Валериевич,216,8д,2,Молкаев_ВВ,Nvp8Ktp0
140,Яцынин Константин Тимофеевич,285,7г,2,Яцынин_КТ,5AGga7TD
141,Маховиков Василий Петрович,391,7х,4,Маховиков_ВП,AErHzDJh
142,Шаметова Евгения Вадимовна,463,7а,2,Шаметова_ЕВ,vI0ojGkE
143,Законнова Жанна Евгеньевна,442,11и,None,Законнова_ЖЕ,S49gAIQN
144,Перчихин Аркадий Тимофеевич,164,10т,3,Перчихин_АТ,pA50i1qF
145,Бурдасова Ксения Игоревна,203,9а,3,Бурдасова_КИ,iG0rvAxU
146,Киссин Степан Иванович,251,7х,5,Киссин_СИ,GeTyV9pL
147,Вапилина Мария Егоровна,77,7д,2,Вапилина_МЕ,sUBoyDJa
148,Сигутина Дарья Федоровна,458,7б,2,Сигутина_ДФ,Oxv72bfq
149,Сошьяков Альберт Фёдорович,17,7т,4,Сошьяков_АФ,qcRPctg0
150,Лугахина Клара Вадимовна,419,8в,4,Лугахина_КВ,3VqQ6UxR
151,Логецкий Анатолий Виталиевич,372,11б,4,Логецкий_АВ,8rLtzhVL
152,Ковайкова Юлия Егоровна,75,10г,2,Ковайкова_ЮЕ,pZIOPlee
153,Вермутский Валерий Петрович,447,9и,5,Вермутский_ВП,bWCuXzJz
154,Россомахов Олег Юриевич,56,8в,2,Россомахов_ОЮ,qX7KpzZ5
155,Циплакова Екатерина Егоровна,471,9б,5,Циплакова_ЕЕ,vClqbrZH
156,Квятцева Алла Никитична,138,11в,2,Квятцева_АН,zITs3uyI
157,Выхухолева Лариса Василевна,384,8б,5,Выхухолева_ЛВ,JqhVkkAO
158,Целохов Андрей Вадимович,433,8и,5,Целохов_АВ,qRjBlbIz
159,Бендин Иван Яковлевич,71,8и,4,Бендин_ИЯ,QYRKrkFj
160,Лазученков Василий Алексеевич,381,7х,2,Лазученков_ВА,bx0ed2nD
161,Скоропухов Михаил Василиевич,69,10и,3,Скоропухов_МВ,jURhA43c
162,Мухонкин Тарас Романович,126,9и,4,Мухонкин_ТР,ZuytB2LG
163,Камерцев Владимир Кириллович,303,7а,3,Камерцев_ВК,ZIfggclu
164,Сандрыкина Анна Олеговна,324,10т,2,Сандрыкина_АО,3zfikkd8
165,Недбайлов Алексей Денисович,15,7т,2,Недбайлов_АД,xp4O0qQW
166,Серпков Ярослав Георгиевич,380,10б,4,Серпков_ЯГ,gqaraP54
167,Хатшуклов Аркадий Николаевич,42,11т,4,Хатшуклов_АН,LOlgdRMN
168,Литвалиева Алиса Егоровна,10,11и,3,Литвалиева_АЕ,AC9NH2GX
169,Енесина Лиза Валерьевна,293,9б,5,Енесина_ЛВ,nSWIKtDC
170,Пикальков Эдуард Алексиевич,21,8д,5,Пикальков_ЭА,LU49CXsc
171,Сачинский Валентин Кириллович,125,10т,2,Сачинский_ВК,1lMcrJog
172,Тарзанова Евгения Аркадьевна,96,9д,2,Тарзанова_ЕА,kO2ZbKjL
173,Лапундин Юрий Игоревич,267,8и,5,Лапундин_ЮИ,deZfpLBW
174,Личева Лиза Михайловна,453,9б,3,Личева_ЛМ,IPydPqlC
175,Смароверов Яков Борисович,131,11в,4,Смароверов_ЯБ,NTec82Pg
176,Вереина Алла Василевна,295,10и,3,Вереина_АВ,D4ox2fYc
177,Погиблева Дарья Леонидовна,283,9в,5,Погиблева_ДЛ,O7IW0PGn
178,Байнова Анастасия Вадимовна,363,7б,3,Байнова_АВ,FX9PDsWQ
179,Шиловский Вячеслав Максимович,438,9и,4,Шиловский_ВМ,VSMKAWxq
180,Сыждиков Пётр Василиевич,494,11х,5,Сыждиков_ПВ,C9f3KnGz
181,Каценова Алёна Эдуардовна,165,11т,2,Каценова_АЭ,dVuEjwDF
182,Мужицких Ева Олеговна,348,8х,3,Мужицких_ЕО,1iJnyx5K
183,Плеснецов Степан Юрьевич,22,10а,2,Плеснецов_СЮ,EVSIKVJE
184,Игумнова Алёна Сергеевна,114,9д,4,Игумнова_АС,p3SHIhiv
185,Хадаров Владимир Валериевич,278,11т,5,Хадаров_ВВ,a7EllkUg
186,Ступакова Кира Ивановна,421,8и,3,Ступакова_КИ,t9wuyIBl
187,Шоленинов Федор Максимович,286,11т,4,Шоленинов_ФМ,I1DuE33t
188,Гундаров Руслан Николаевич,158,9д,4,Гундаров_РН,p2G6AiFT
189,Гречишева Марина Андреевна,464,7д,2,Гречишева_МА,Yj7VXUIO
190,Утилова Алена Андреевна,253,11д,3,Утилова_АА,5rJXEFxI
191,Роткичева Алиса Максимовна,410,10а,4,Роткичева_АМ,Y4cZPPae
192,Колтышева Марина Вадимовна,87,11г,4,Колтышева_МВ,vYqQ4vTU
193,Гурычева Лариса Валерьевна,489,9б,2,Гурычева_ЛВ,HXGK7NYr
194,Горцева Кристина Никитична,246,8и,4,Горцева_КН,tHIZ9t3S
195,Кутурин Геннадий Денисович,197,9в,2,Кутурин_ГД,ILmOd7BE
196,Стефанков Яков Евгеньевич,318,10г,3,Стефанков_ЯЕ,oFu7hjsm
197,Множина Людмила Василевна,90,8б,2,Множина_ЛВ,JEjejsPO
198,Семисалов Георгий Иванович,316,9в,3,Семисалов_ГИ,JXKHD8eh
199,Рогалов Альберт Валериевич,327,9б,2,Рогалов_АВ,9l7Yu5AA
200,Черетаева Анастасия Олеговна,341,9б,2,Черетаева_АО,4rw6pP9h
201,Радоминова Любовь Игоревна,25,9и,5,Радоминова_ЛИ,NrzRnh3c
202,Шувырина Лиза Андреевна,395,9а,5,Шувырина_ЛА,JAKb87qW
203,Калиженков Семён Алексеевич,401,11а,4,Калиженков_СА,6wsL2tVb
204,Старокашин Константин Петрович,309,10а,3,Старокашин_КП,0pHObEIN
205,Малтоцов Аркадий Яковлевич,218,8а,3,Малтоцов_АЯ,crF7EjNU
206,Кузеванова Ева Егоровна,116,7д,2,Кузеванова_ЕЕ,7XB3v8rI
207,Нурулина Алёна Егоровна,284,9х,2,Нурулина_АЕ,PlTpvyh0
208,Лератов Герасим Сергеевич,374,10а,4,Лератов_ГС,5tRgk9vX
209,Людин Руслан Аркадиевич,498,7и,3,Людин_РА,ECxQo4wI
210,Пурин Виктор Данилович,154,8и,5,Пурин_ВД,AAZIvOAc
211,Лютов Виктор Юрьевич,288,11г,2,Лютов_ВЮ,VpPCp8pD
212,Марюшкина Яна Федоровна,345,10д,5,Марюшкина_ЯФ,rXmx9rdF
213,Томилова Кристина Михайловна,492,11б,3,Томилова_КМ,j5nE9QYY
214,Дистерев Валерий Валериевич,24,7г,3,Дистерев_ВВ,n231UfMc
215,Дочкин Геннадий Алексиевич,52,11и,5,Дочкин_ГА,ULranbpF
216,Иняхин Руслан Сергеевич,234,7и,5,Иняхин_РС,j3kNGpEN
217,Знайкова Раиса Егоровна,148,11х,3,Знайкова_РЕ,kSk4Ely4
218,Кашавцев Аркадий Леонидович,58,7а,4,Кашавцев_АЛ,epzsNzPk
219,Пятернина Кристина Андреевна,445,7и,2,Пятернина_КА,sMRlM88y
220,Гусеева Карина Викторовна,263,9и,2,Гусеева_КВ,Jz5BVGpp
221,Кастева Яна Сергеевна,108,7и,2,Кастева_ЯС,HvlaJnzF
222,Гришанин Тарас Павлович,113,10т,2,Гришанин_ТП,mp2OgqPe
223,Грамоткин Илья Викторович,195,8д,5,Грамоткин_ИВ,ZtdqJhod
224,Мелисин Геннадий Василиевич,465,10г,2,Мелисин_ГВ,pRDG162d
225,Цинина Светлана Яковлевна,105,11г,5,Цинина_СЯ,v69NMgcF
226,Петов Георгий Адамович,57,9а,2,Петов_ГА,vZ2HjUXM
227,Реева Валентина Максимовна,146,11и,5,Реева_ВМ,IXbduwvZ
228,Слесивых Мария Аркадьевна,35,7и,5,Слесивых_МА,lAlkaAIR
229,Афтаева Полина Ивановна,193,10д,5,Афтаева_ПИ,k2tm8mlt
230,Кривицкий Валентин Виталиевич,208,8х,5,Кривицкий_ВВ,tLenkB2G
231,Чубатов Константин Леонидович,279,11а,4,Чубатов_КЛ,HQBY0Hs3
232,Партенков Геннадий Павлович,418,8х,3,Партенков_ГП,gZFAaII8
233,Черушев Григорий Борисович,84,7г,4,Черушев_ГБ,zWBiLKFt
234,Тютекин Георгий Тимофеевич,262,7а,2,Тютекин_ГТ,uopLPRcu
235,Янкевский Вячеслав Адамович,167,11г,4,Янкевский_ВА,OrOKWyXZ
236,Сухручкина Клавдия Аркадьевна,177,7в,4,Сухручкина_КА,2eMWG3P4
237,Конофалова Клара Петровна,95,11д,5,Конофалова_КП,Zb5ECE82
238,Лигасов Михаил Павлович,491,11г,4,Лигасов_МП,t8Cukj3O
239,Писарьков Альберт Игоревич,313,8в,4,Писарьков_АИ,9ceSKewp
240,Варов Кирилл Иванович,28,8а,5,Варов_КИ,e9przaa4
241,Пурынов Евгений Петрович,244,9и,3,Пурынов_ЕП,Tk89EABd
242,Супрутская Вероника Викторовна,187,9а,2,Супрутская_ВВ,Aq5tBsXj
243,Скроцкая Алина Федоровна,127,8г,3,Скроцкая_АФ,GdXfQsQG
244,Барадулин Вадим Юрьевич,281,11х,3,Барадулин_ВЮ,LXR5z8Kc
245,Точилин Дмитрий Фёдорович,476,8а,2,Точилин_ДФ,emyOSHrA
246,Бикмуллин Руслан Валериевич,333,11т,2,Бикмуллин_РВ,CUH2af6D
247,Серпичев Василий Алексиевич,394,10х,5,Серпичев_ВА,m2CzvUqS
248,Вострышев Яков Аркадиевич,343,8г,5,Вострышев_ЯА,oESGrFeF
249,Грушчева София Евгеньевна,480,11в,None,Грушчева_СЕ,apHYczzr
250,Кулапов Александр Юрьевич,109,9б,5,Кулапов_АЮ,TZgaEDt7
251,Чибисенков Владислав Фёдорович,375,8х,3,Чибисенков_ВФ,pPO4kqc7
252,Утилов Роман Василиевич,254,9х,2,Утилов_РВ,JjfZn6VB
253,Татаурова Галина Федоровна,145,10т,4,Татаурова_ГФ,6lsnv3Vk
254,Визавитина Наталия Леонидовна,101,10г,2,Визавитина_НЛ,JKq1EJem
255,Мягченков Артём Денисович,115,7б,4,Мягченков_АД,bYKqVzRv
256,Брикова Инна Богдановна,256,9б,4,Брикова_ИБ,jO4zgdu5
257,Наторкин Валентин Данилович,319,7и,2,Наторкин_ВД,t4hPGnrn
258,Эштрекова Софья Алексеевна,76,9в,3,Эштрекова_СА,TBkBAA5P
259,Кутаманова Кира Андреевна,182,10т,2,Кутаманова_КА,gAeESsJ7
260,Кыштымова Евгения Эдуардовна,255,8в,5,Кыштымова_ЕЭ,AvADfb9k
261,Ккнязева Клавдия Дмитриевна,34,7б,5,Ккнязева_КД,h3cNSOXU
262,Глаголина Алиса Никитична,249,9д,2,Глаголина_АН,GyzhsTZC
263,Рисина Раиса Валерьевна,451,10а,4,Рисина_РВ,fONRPreA
264,Ребров Алексей Георгиевич,289,8и,3,Ребров_АГ,vptijFaf
265,Вырысалова Александра Евгеньевна,39,11и,2,Вырысалова_АЕ,I21ic6RE
266,Гомольский Владимир Юриевич,314,11х,5,Гомольский_ВЮ,i6guXeMZ
267,Швинова Марина Федоровна,271,8г,5,Швинова_МФ,joB4FR9R
268,Рудковская Инна Дмитриевна,6,7т,3,Рудковская_ИД,NIuVbQzU
269,Решеткина Дарья Василевна,408,10и,3,Решеткина_ДВ,5j6qWF8T
270,Евстихеев Игорь Василиевич,422,10х,5,Евстихеев_ИВ,l09LZwwj
271,Лазарина Алёна Федоровна,161,8б,3,Лазарина_АФ,Clzx5ceP
272,Гляченков Григорий Николаевич,431,10а,5,Гляченков_ГН,SkOVM6GU
273,Чардынцева Алина Вадимовна,135,10д,3,Чардынцева_АВ,FWtKfqSR
274,Скаредов Яков Иванович,337,9т,5,Скаредов_ЯИ,uDRxsqzo
275,Юрицкий Эдуард Денисович,192,7д,3,Юрицкий_ЭД,QTy7XrG9
276,Кравчина Светлана Аркадьевна,413,11г,5,Кравчина_СА,WEI3Tced
277,Чмареткова Полина Вадимовна,449,10а,2,Чмареткова_ПВ,ajlLp1ts
278,Углова Галина Романовна,260,9г,3,Углова_ГР,4UTvCPXJ
279,Згуровская Виктория Андреевна,220,9т,4,Згуровская_ВА,Lmzqv22G
280,Секерский Станислав Сергеевич,235,10а,4,Секерский_СС,BWFD4Fky
281,Жевайкин Евгений Адамович,86,11г,3,Жевайкин_ЕА,7Sklg1J7
282,Коточигов Семён Игоревич,26,9д,5,Коточигов_СИ,33GTGiJQ
283,Калонин Альберт Денисович,297,8б,2,Калонин_АД,UY58YrJN
284,Валягин Григорий Антонович,94,10в,4,Валягин_ГА,EbB7h1Ih
285,Коцева Кристина Николаевна,412,9г,3,Коцева_КН,KOed1QiS
286,Голина Кристина Максимовна,3,7х,3,Голина_КМ,1UNTbsBL
287,Батрамеев Анатолий Романович,354,9х,3,Батрамеев_АР,UgN8dJ9t
288,Чикмарев Валентин Валериевич,306,9и,5,Чикмарев_ВВ,8kIS4do4
289,Киницына Валерия Олеговна,202,7х,4,Киницына_ВО,LUc9Ects
290,Числин Юрий Денисович,121,7в,2,Числин_ЮД,KS9jm40i
291,Стебунова Юлия Романовна,358,9т,3,Стебунова_ЮР,RxpjX9FH
292,Кацов Павел Павлович,236,10г,5,Кацов_ПП,YYpcaEH8
293,Гоцев Тарас Викторович,41,8в,3,Гоцев_ТВ,XVAB8LOG
294,Мотовицкий Роман Аркадиевич,31,11и,5,Мотовицкий_РА,fg8yMsDZ
295,Чурзина Клара Егоровна,308,10б,3,Чурзина_КЕ,9mnkX0uh
296,Щепалкина Валерия Сергеевна,134,9б,4,Щепалкина_ВС,W8NuTT2T
297,Утимишев Ярослав Игоревич,239,11а,3,Утимишев_ЯИ,VuaKF25j
298,Алуханов Кирилл Фёдорович,298,7т,2,Алуханов_КФ,tI5mfgnl
299,Полунеев Валентин Валериевич,307,8и,2,Полунеев_ВВ,r4o7Dt0w
300,Крупенова Наталия Андреевна,209,7в,5,Крупенова_НА,bQozDtB8
301,Корнюшин Илья Юрьевич,44,10т,3,Корнюшин_ИЮ,GZGj566e
302,Паушева Виолетта Никитична,310,8г,4,Паушева_ВН,2ay6MacW
303,Берзин Герасим Антонович,349,11т,5,Берзин_ГА,4kRKkI5J
304,Шулунова Алла Алексеевна,54,7д,4,Шулунова_АА,ypv6iw7J
305,Трепашова София Яковлевна,399,11а,2,Трепашова_СЯ,0XhtvvMW
306,Чумейкин Константин Антонович,8,8б,5,Чумейкин_КА,2uFTtr37
307,Польшиков Денис Игоревич,495,9и,2,Польшиков_ДИ,oXfsImlZ
308,Медоусова Жанна Романовна,252,7б,2,Медоусова_ЖР,BcBRgMWl
309,Акуратова Клавдия Андреевна,92,9г,5,Акуратова_КА,2C1aYogM
310,Курмеева Елизавета Валерьевна,486,8а,5,Курмеева_ЕВ,I82NKMq3
311,Бадов Александр Аркадиевич,217,10г,3,Бадов_АА,i5FUuU6f
312,Бакушин Эдуард Адамович,265,7б,5,Бакушин_ЭА,5a2u6OE8
313,Чебина Инна Сергеевна,273,10т,2,Чебина_ИС,hua29BzA
314,Подледнова Наталья Ивановна,112,11и,3,Подледнова_НИ,06UXNtcT
315,Садгеева Лиза Евгеньевна,460,11г,3,Садгеева_ЛЕ,9h4hlHxM
316,Акушин Борис Павлович,493,9т,2,Акушин_БП,gayRqDUF
317,Аришев Руслан Кириллович,379,10т,3,Аришев_РК,5ht6j4np
318,Гуслова Кристина Олеговна,389,9в,2,Гуслова_КО,juSPDWXB
319,Глоточкина Оксана Аркадьевна,370,9и,5,Глоточкина_ОА,0y67RsIK
320,Шапина Маргарита Романовна,163,8б,5,Шапина_МР,lDIRSYTQ
321,Дурылин Георгий Валериевич,261,11т,4,Дурылин_ГВ,bnLEiOXV
322,Болкисева Анна Викторовна,248,7х,4,Болкисева_АВ,TBfH47e1
323,Багапов Вячеслав Сергеевич,99,7д,4,Багапов_ВС,8zNpHimN
324,Люцарева Яна Аркадьевна,376,11б,2,Люцарева_ЯА,v7j5hkv2
325,Боготынина София Егоровна,63,11б,5,Боготынина_СЕ,vQOQVExT
326,Саюшкин Игорь Алексиевич,211,11х,5,Саюшкин_ИА,b43qHyEi
327,Потешных Тамара Николаевна,468,11в,3,Потешных_ТН,fDBZtMBq
328,Незлина Жанна Василевна,426,8б,5,Незлина_ЖВ,mgxlB34q
329,Федичева Вероника Кирилловна,37,7х,4,Федичева_ВК,bE5AUTvp
330,Пустынкин Вадим Антонович,388,10в,5,Пустынкин_ВА,1X2Lq8iz
331,Аринакова Ирина Михайловна,150,8в,5,Аринакова_ИМ,WokQTE66
332,Обиралкова Мария Егоровна,294,11т,5,Обиралкова_МЕ,da0qIZrj
333,Аристарова Валентина Максимовна,443,11г,2,Аристарова_ВМ,ChM99Te3
334,Яуров Герасим Юрьевич,38,9а,5,Яуров_ГЮ,jTisvPxZ
335,Духонькин Вячеслав Фёдорович,2,9в,4,Духонькин_ВФ,vOHPWh0e
336,Гвасков Евгений Михаилович,402,9в,5,Гвасков_ЕМ,CsosLiYV
337,Жабынина Галина Николаевна,185,7х,5,Жабынина_ГН,UJEsP6Wv
338,Шерюкова Виолетта Романовна,440,9б,4,Шерюкова_ВР,FWAD8m2G
339,Колокатов Пётр Евгеньевич,484,10в,3,Колокатов_ПЕ,sPEmFybu
340,Шайдуков Андрей Михаилович,317,9и,4,Шайдуков_АМ,jER4w6cS
341,Смирнягина Дарья Игоревна,425,10в,4,Смирнягина_ДИ,iiX5GnA7
342,Штырева Ева Олеговна,258,11и,2,Штырева_ЕО,BTwHqUip
343,Ашукин Вячеслав Михаилович,191,10т,4,Ашукин_ВМ,s9LYKCJD
344,Рубченкова Галина Алексеевна,190,9в,3,Рубченкова_ГА,xnbuplcl
345,Зархин Иван Алексиевич,478,11и,5,Зархин_ИА,QBXEadut
346,Адиотов Дмитрий Павлович,156,7б,3,Адиотов_ДП,kpQyUXZD
347,Тищенкова Раиса Валерьевна,79,7д,3,Тищенкова_РВ,OZTr7mgO
348,Лозеев Илья Петрович,205,10д,2,Лозеев_ИП,RWZLlXS1
349,Кобяшов Герасим Михаилович,305,11т,2,Кобяшов_ГМ,DcJ6rjZL
350,Ронова Клавдия Валерьевна,107,7и,4,Ронова_КВ,x0V93jy2
351,Стрижнов Алексей Евгеньевич,385,11г,3,Стрижнов_АЕ,hzSZTY7p
352,Волынский Алексей Виталиевич,362,11т,5,Волынский_АВ,1a3JTE1K
353,Машонский Василий Данилович,23,9д,5,Машонский_ВД,17K0KP00
354,Буриева Зинаида Аркадьевна,104,11д,4,Буриева_ЗА,F101G4gj
355,Борщина Алёна Ивановна,377,11а,5,Борщина_АИ,lLdwOIAH
356,Белчков Олег Иванович,275,10а,4,Белчков_ОИ,wOUBemmE
357,Остропиков Альберт Данилович,157,8г,2,Остропиков_АД,sqEgnXyv
358,Оргонова Любовь Максимовна,264,7б,4,Оргонова_ЛМ,8VBFuQyx
359,Мальков Юрий Евгеньевич,228,7г,3,Мальков_ЮЕ,nx40o9wg
360,Свльхова Наталья Вадимовна,160,9т,5,Свльхова_НВ,NyPdMlfB
361,Мякушков Герасим Леонидович,102,10т,3,Мякушков_ГЛ,hP4gL8zX
362,Межуев Георгий Юриевич,355,8г,4,Межуев_ГЮ,7Sc9XKov
363,Чериншев Александр Сергеевич,439,8а,2,Чериншев_АС,ZOebQTjF
364,Муниров Алексей Андреевич,117,11г,3,Муниров_АА,GkxBmP9Z
365,Климухин Руслан Романович,269,10в,3,Климухин_РР,NyLzyWZw
366,Дембская Екатерина Никитична,64,11б,4,Дембская_ЕН,H890HePy
367,Тюнеев Яков Фёдорович,417,10т,2,Тюнеев_ЯФ,rFnMKFJi
368,Трушитин Антон Данилович,168,9х,3,Трушитин_АД,1mSQT8K0
369,Балакишиев Роман Алексиевич,143,11х,5,Балакишиев_РА,gOx0KwEb
370,Немтюрева Валерия Аркадьевна,12,10г,4,Немтюрева_ВА,EDPzL82Z
371,Складанова Клавдия Аркадьевна,257,9а,3,Складанова_КА,PzscjA95
372,Заходина Полина Леонидовна,93,10д,4,Заходина_ПЛ,U6AbpKVi
373,Муринов Анатолий Борисович,171,11б,5,Муринов_АБ,SVpSNBDy
374,Гришалова Любовь Евгеньевна,301,8т,3,Гришалова_ЛЕ,97LIX8Ms
375,Ситчихин Станислав Георгиевич,247,8т,5,Ситчихин_СГ,tlhyqVEr
376,Просяных Георгий Василиевич,366,9в,2,Просяных_ГВ,LZQ885Kf
377,Дзабиев Григорий Георгиевич,259,11д,5,Дзабиев_ГГ,R9LKOsQq
378,Рыбаулин Григорий Алексеевич,140,11а,5,Рыбаулин_ГА,ETFPFJzQ
379,Тупиева Екатерина Ивановна,400,7д,2,Тупиева_ЕИ,H6y0tk1d
380,Куверчева Алена Ивановна,170,10д,3,Куверчева_АИ,JMcAC7Um
381,Цаблинова Виктория Богдановна,342,9г,4,Цаблинова_ВБ,7sS24Iux
382,Синенков Григорий Леонидович,230,9в,5,Синенков_ГЛ,dBZAJ7MX
383,Лизункин Артур Олегович,4,11в,5,Лизункин_АО,XIoo4nHt
384,Славущева Александра Эдуардовна,81,8а,5,Славущева_АЭ,ayQ94HXA
385,Шахвердов Дмитрий Антонович,132,11б,2,Шахвердов_ДА,9Rv0WclJ
386,Рапацкая Ольга Ивановна,223,10г,3,Рапацкая_ОИ,WKGbCvbP
387,Сторокожев Виталий Аркадиевич,159,9б,2,Сторокожев_ВА,DaZ4YDVK
388,Половодов Кирилл Николаевич,18,8т,5,Половодов_КН,2TZalbuT
389,Халтанова Алена Дмитриевна,49,8б,3,Халтанова_АД,GpE2A21K
390,Заложнев Роман Фёдорович,448,8в,4,Заложнев_РФ,fWmraGJ1
391,Рыжих Кристина Аркадьевна,213,7а,4,Рыжих_КА,wqi4Ngsp
392,Буров Руслан Игоревич,405,11и,5,Буров_РИ,0YFNktdB
393,Гачков Виталий Евгеньевич,277,9т,4,Гачков_ВЕ,DwSdwKX1
394,Кадилов Геннадий Борисович,225,10в,3,Кадилов_ГБ,t6b0ixqN
395,Гликина Алёна Эдуардовна,454,9б,3,Гликина_АЭ,M9h7AzOK
396,Ичкинина Любовь Андреевна,299,8г,5,Ичкинина_ЛА,lSuWfFuz
397,Мозшорина Кира Дмитриевна,65,8б,3,Мозшорина_КД,5cfuQUTx
398,Брижеватов Константин Борисович,152,11т,2,Брижеватов_КБ,CfgK1Kia
399,Бучеров Тарас Викторович,429,10д,4,Бучеров_ТВ,0SHkkmEf
400,Мисютина Валерия Эдуардовна,368,9г,2,Мисютина_ВЭ,5vkZ2Wxu
401,Льянов Федор Вадимович,328,8а,4,Льянов_ФВ,D2cHzerT
402,Щуркин Георгий Яковлевич,180,8в,4,Щуркин_ГЯ,0FWja0gU
403,Акулин Федор Адамович,241,10г,4,Акулин_ФА,nIemiISr
404,Волженкова Екатерина Ивановна,233,9д,4,Волженкова_ЕИ,9bcToUwu
405,Махометова София Викторовна,424,8и,3,Махометова_СВ,Tfxnjl6e
406,Зызлов Геннадий Антонович,274,7в,3,Зызлов_ГА,96S1btcP
407,Девляшова Кира Олеговна,51,11д,5,Девляшова_КО,ATv1vvX7
408,Яковкина Алена Никитична,320,9т,5,Яковкина_АН,49OEddW7
409,Бузулев Вадим Николаевич,331,10д,3,Бузулев_ВН,Ag55WU38
410,Ганельский Юрий Юриевич,474,9д,3,Ганельский_ЮЮ,iq2UY1Sd
411,Шкапрова Ева Ивановна,371,7б,5,Шкапрова_ЕИ,WXYURuLR
412,Чичирин Владимир Георгиевич,11,10а,4,Чичирин_ВГ,NuMZgrL7
413,Шилова Надежда Викторовна,124,9б,2,Шилова_НВ,0PEoR8MG
414,Коваев Руслан Михаилович,487,9т,3,Коваев_РМ,txU8106I
415,Саверина Надежда Андреевна,407,11б,4,Саверина_НА,UpBgjUMi
416,Тишанкин Олег Адамович,334,9д,3,Тишанкин_ОА,JSRmIZea
417,Широпаев Валерий Сергеевич,406,9б,2,Широпаев_ВС,QUgtR462
418,Щепанин Олег Адамович,226,7а,3,Щепанин_ОА,REbmfT2E
419,Оплетин Владислав Аркадиевич,361,10х,4,Оплетин_ВА,dNULu9Ed
420,Оденова Карина Андреевна,409,8и,4,Оденова_КА,MzsXgjbu
421,Семагин Альберт Андреевич,456,10х,4,Семагин_АА,O5k8pp4N
422,Черданцева Анастасия Олеговна,128,8х,3,Черданцева_АО,nAX5Pc56
423,Лонцова Елизавета Эдуардовна,224,7х,3,Лонцова_ЕЭ,TqGwzEo3
424,Сарсекеева Алёна Никитична,462,11и,4,Сарсекеева_АН,ypCHGyUY
425,Аковецкий Антон Евгеньевич,500,8б,4,Аковецкий_АЕ,KYcRtuTk
426,Аратский Станислав Борисович,351,9и,2,Аратский_СБ,NiVuSafF
427,Чужриков Пётр Денисович,200,9в,3,Чужриков_ПД,HMRtwHuj
428,Никитшин Алексей Кириллович,111,11и,3,Никитшин_АК,FG5mkMxA
429,Симендяев Василий Алексиевич,45,8д,4,Симендяев_ВА,5B8Nl1wa
430,Ошитков Максим Сергеевич,151,10г,4,Ошитков_МС,1c2RJGfU
431,Юрасов Евгений Романович,338,9и,3,Юрасов_ЕР,VAWqcYg5
432,Головяшин Павел Юриевич,179,7г,5,Головяшин_ПЮ,cz5kpWmg
433,Манжурина Екатерина Сергеевна,219,7т,3,Манжурина_ЕС,v2frnYEp
434,Никурашин Олег Евгеньевич,291,11х,2,Никурашин_ОЕ,A32oP6ju
435,Бехтерев Федор Вадимович,137,9х,3,Бехтерев_ФВ,YSZAGT2s
436,Годлевская Катерина Дмитриевна,403,11г,3,Годлевская_КД,udr8SlHs
437,Акиярова Алина Эдуардовна,9,11а,4,Акиярова_АЭ,xjRyY3eN
438,Милина Алена Петровна,359,8г,3,Милина_АП,qG03a1pe
439,Воловин Борис Викторович,350,7т,2,Воловин_БВ,h156W5eV
440,Туморина Ксения Федоровна,133,8б,5,Туморина_КФ,KStTmB5I
441,Желейков Вячеслав Яковлевич,199,8г,3,Желейков_ВЯ,4wDmB91x
442,Шишорнина Екатерина Алексеевна,183,8т,3,Шишорнина_ЕА,tj4LmdHz
443,Юумогулова Виолетта Игоревна,311,10х,3,Юумогулова_ВИ,kBHYOdQJ
444,Рецков Денис Денисович,85,10д,2,Рецков_ДД,u1aw93a7
445,Химунина Елизавета Ивановна,392,7д,2,Химунина_ЕИ,qTH1TdbV
446,Кобрянов Александр Алексиевич,455,7т,2,Кобрянов_АА,REoWXZNr
447,Бирылов Тарас Данилович,243,11а,3,Бирылов_ТД,koKQB3xc
448,Туфатулин Ярослав Леонидович,485,8х,4,Туфатулин_ЯЛ,DCYCTlWR
449,Долбишев Николай Аркадиевич,292,10б,5,Долбишев_НА,r50Y0Nvu
450,Махтумова Алёна Эдуардовна,186,10б,4,Махтумова_АЭ,OYmiOrfX
451,Нарзаркин Алексей Романович,423,10т,2,Нарзаркин_АР,Fz4OSWvc
452,Куранина Алена Леонидовна,196,9б,4,Куранина_АЛ,06Sio5Xm
453,Ситюков Аркадий Евгеньевич,32,10в,3,Ситюков_АЕ,r2MxiSme
454,Мизюрова Алиса Никитична,176,7г,4,Мизюрова_АН,CLXfGEW2
455,Пандурова Алиса Дмитриевна,130,9б,2,Пандурова_АД,T59DLxel
456,Жилейкин Борис Тимофеевич,91,7в,2,Жилейкин_БТ,jjRZoQGL
457,Корпункова Виолетта Сергеевна,83,11а,3,Корпункова_ВС,GhvyUO5U
458,Пашохонова Анастасия Федоровна,467,9в,4,Пашохонова_АФ,038q2tmS
459,Сузальцева Тамара Михайловна,357,8х,4,Сузальцева_ТМ,QZWVQYqq
460,Чиличкина Светлана Яковлевна,5,8в,5,Чиличкина_СЯ,Um4mfRiS
461,Шантыкова Карина Максимовна,198,10д,3,Шантыкова_КМ,MN5f9iZA
462,Недосекин Владислав Яковлевич,457,10а,4,Недосекин_ВЯ,AfR4NQUn
463,Максимкин Федор Фёдорович,172,10г,2,Максимкин_ФФ,OsiKpJne
464,Матбиюшина Виктория Игоревна,237,8д,2,Матбиюшина_ВИ,zKzS1sRu
465,Шишкунов Герасим Юрьевич,110,8т,4,Шишкунов_ГЮ,DvzDyfJb
466,Сухинин Георгий Алексиевич,475,10х,4,Сухинин_ГА,i1p2cRhf
467,Бисеева Полина Романовна,48,7д,5,Бисеева_ПР,cqO59WdV
468,Жукулов Михаил Денисович,60,11г,3,Жукулов_МД,QDMxnuxU
469,Тоняев Герасим Петрович,378,9т,5,Тоняев_ГП,CrXO75WF
470,Шушенкова Алёна Олеговна,36,7и,2,Шушенкова_АО,TQ3zrFnF
471,Разроев Дмитрий Павлович,59,9а,2,Разроев_ДП,whkM237Z
472,Баззаев Анатолий Данилович,339,9д,2,Баззаев_АД,zssgqMFa
473,Цекова Алла Олеговна,50,8д,2,Цекова_АО,lmMBuK8q
474,Аборонова Алиса Алексеевна,444,7г,5,Аборонова_АА,SFtFCYiB
475,Ягловская Ева Олеговна,181,8в,4,Ягловская_ЕО,xa5Txlik
476,Шароварова Яна Романовна,175,8а,4,Шароварова_ЯР,4Aj6b7Ha
477,Общев Яков Викторович,466,8а,4,Общев_ЯВ,vf4f2J9d
478,Ойзерская Катерина Эдуардовна,120,7х,2,Ойзерская_КЭ,1vklGtNh
479,Прусский Ярослав Иванович,479,11б,2,Прусский_ЯИ,AvAGGXed
480,Лабинов Павел Алексеевич,272,7б,5,Лабинов_ПА,KCp6rDuJ
481,Покровов Эдуард Павлович,312,8б,2,Покровов_ЭП,KN7dqrdB
482,Мачехин Эдуард Данилович,19,7д,3,Мачехин_ЭД,SwtElWWG
483,Кодорская Раиса Ивановна,27,11б,3,Кодорская_РИ,yU6CCqTf
484,Кондраева Марина Ивановна,469,9д,3,Кондраева_МИ,35HRJmxC
485,Бульенков Валентин Иванович,136,10т,4,Бульенков_ВИ,JH48DZ50
486,Тагакова Вероника Яковлевна,393,8т,4,Тагакова_ВЯ,zuzB7eD5
487,Гершанова Любовь Евгеньевна,383,11т,5,Гершанова_ЛЕ,6tmlqAXX
488,Салина Алена Егоровна,73,11в,5,Салина_АЕ,Se7Ipecz
489,Фрумова Зинаида Аркадьевна,78,8а,4,Фрумова_ЗА,w789XtsA
490,Хорняков Борис Борисович,13,8г,2,Хорняков_ББ,PuRWy83B
491,Гдагазина Лиза Василевна,212,9т,5,Гдагазина_ЛВ,BKiFMkug
492,Агаршев Ярослав Михаилович,276,9т,2,Агаршев_ЯМ,b3a1lmVe
493,Корюшин Пётр Антонович,326,8х,2,Корюшин_ПА,LE6q2LVz
494,Калаев Пётр Алексиевич,68,8а,3,Калаев_ПА,oZy3wMBT
495,Ккаталкина Виолетта Егоровна,53,7б,2,Ккаталкина_ВЕ,wRLuAYSy
496,Рачнов Герасим Алексеевич,103,10а,5,Рачнов_ГА,pRrv5M1R
497,Миндубаева Людмила Леонидовна,477,11и,2,Миндубаева_ЛЛ,DMYgOSYx
498,Агафьева Вера Ивановна,352,11х,3,Агафьева_ВИ,vvzLif5P
499,Житин Эдуард Адамович,481,9а,5,Житин_ЭА,V001S7XO
